<metadata xml:lang="en"><Esri><CreaDate>20221220</CreaDate><CreaTime>14032000</CreaTime><ArcGISFormat>1.0</ArcGISFormat><SyncOnce>FALSE</SyncOnce><DataProperties><itemProps><itemName Sync="TRUE">zip_code_tabulation_areas</itemName><imsContentType Sync="TRUE">002</imsContentType><itemLocation><linkage Sync="TRUE">file://\\EDC1AdminFS01.admin.state.mn.us\admindept\gda\MnGeo\Commons\GDRS_Staging\data\MnGeo\bdry_zip_code_tabulation_areas\2020 Update\bdry_zip_code_tabulation_areas\shp\zip_code_tabulation_areas.shp</linkage><protocol Sync="TRUE">Local Area Network</protocol></itemLocation><itemSize Sync="TRUE">0.000</itemSize></itemProps><coordRef><type Sync="TRUE">Geographic</type><geogcsn Sync="TRUE">GCS_North_American_1983</geogcsn><csUnits Sync="TRUE">Angular Unit: Degree (0.017453)</csUnits><peXml Sync="TRUE">&lt;GeographicCoordinateSystem xsi:type='typens:GeographicCoordinateSystem' xmlns:xsi='http://www.w3.org/2001/XMLSchema-instance' xmlns:xs='http://www.w3.org/2001/XMLSchema' xmlns:typens='http://www.esri.com/schemas/ArcGIS/2.8.0'&gt;&lt;WKT&gt;GEOGCS[&amp;quot;GCS_North_American_1983&amp;quot;,DATUM[&amp;quot;D_North_American_1983&amp;quot;,SPHEROID[&amp;quot;GRS_1980&amp;quot;,6378137.0,298.257222101]],PRIMEM[&amp;quot;Greenwich&amp;quot;,0.0],UNIT[&amp;quot;Degree&amp;quot;,0.0174532925199433],AUTHORITY[&amp;quot;EPSG&amp;quot;,4269]]&lt;/WKT&gt;&lt;XOrigin&gt;-400&lt;/XOrigin&gt;&lt;YOrigin&gt;-400&lt;/YOrigin&gt;&lt;XYScale&gt;11258999068426.238&lt;/XYScale&gt;&lt;ZOrigin&gt;-100000&lt;/ZOrigin&gt;&lt;ZScale&gt;10000&lt;/ZScale&gt;&lt;MOrigin&gt;-100000&lt;/MOrigin&gt;&lt;MScale&gt;10000&lt;/MScale&gt;&lt;XYTolerance&gt;8.983152841195215e-09&lt;/XYTolerance&gt;&lt;ZTolerance&gt;0.001&lt;/ZTolerance&gt;&lt;MTolerance&gt;0.001&lt;/MTolerance&gt;&lt;HighPrecision&gt;true&lt;/HighPrecision&gt;&lt;LeftLongitude&gt;-180&lt;/LeftLongitude&gt;&lt;WKID&gt;4269&lt;/WKID&gt;&lt;LatestWKID&gt;4269&lt;/LatestWKID&gt;&lt;/GeographicCoordinateSystem&gt;</peXml></coordRef><lineage><Process ToolSource="c:\program files\arcgis\pro\Resources\ArcToolbox\toolboxes\Conversion Tools.tbx\FeatureClassToFeatureClass" Date="20221220" Time="140326">FeatureClassToFeatureClass tl_2021_us_zcta520 "G:\MnGeo\Commons\GDRS_Staging\data\MnGeo\bdry_zip_code_tabulation_areas\2020 Update\bdry_zip_code_tabulation_areas\fgdb\brdy_zip_code_tabulation_areas.gdb" zip_code_tabulation_areas_update # "ZCTA5CE20 "ZCTA5CE20" true true false 5 Text 0 0,First,#,tl_2021_us_zcta520,ZCTA5CE20,0,5;GEOID20 "GEOID20" true true false 5 Text 0 0,First,#,tl_2021_us_zcta520,GEOID20,0,5;CLASSFP20 "CLASSFP20" true true false 2 Text 0 0,First,#,tl_2021_us_zcta520,CLASSFP20,0,2;MTFCC20 "MTFCC20" true true false 5 Text 0 0,First,#,tl_2021_us_zcta520,MTFCC20,0,5;FUNCSTAT20 "FUNCSTAT20" true true false 1 Text 0 0,First,#,tl_2021_us_zcta520,FUNCSTAT20,0,1;ALAND20 "ALAND20" true true false 14 Double 0 14,First,#,tl_2021_us_zcta520,ALAND20,-1,-1;AWATER20 "AWATER20" true true false 14 Double 0 14,First,#,tl_2021_us_zcta520,AWATER20,-1,-1;INTPTLAT20 "INTPTLAT20" true true false 11 Text 0 0,First,#,tl_2021_us_zcta520,INTPTLAT20,0,11;INTPTLON20 "INTPTLON20" true true false 12 Text 0 0,First,#,tl_2021_us_zcta520,INTPTLON20,0,12" #</Process><Process ToolSource="c:\program files\arcgis\pro\Resources\ArcToolbox\toolboxes\Conversion Tools.tbx\FeatureClassToFeatureClass" Date="20221220" Time="155951">FeatureClassToFeatureClass zip_code_tabulation_areas "G:\MnGeo\Commons\GDRS_Staging\data\MnGeo\bdry_zip_code_tabulation_areas\2020 Update\bdry_zip_code_tabulation_areas\shp" zip_code_tabulation_areas.shp # "ZCTA5CE20 "ZCTA5CE20" true true false 5 Text 0 0,First,#,zip_code_tabulation_areas,ZCTA5CE20,0,5;GEOID20 "GEOID20" true true false 5 Text 0 0,First,#,zip_code_tabulation_areas,GEOID20,0,5;CLASSFP20 "CLASSFP20" true true false 2 Text 0 0,First,#,zip_code_tabulation_areas,CLASSFP20,0,2;MTFCC20 "MTFCC20" true true false 5 Text 0 0,First,#,zip_code_tabulation_areas,MTFCC20,0,5;FUNCSTAT20 "FUNCSTAT20" true true false 1 Text 0 0,First,#,zip_code_tabulation_areas,FUNCSTAT20,0,1;ALAND20 "ALAND20" true true false 8 Double 0 0,First,#,zip_code_tabulation_areas,ALAND20,-1,-1;AWATER20 "AWATER20" true true false 8 Double 0 0,First,#,zip_code_tabulation_areas,AWATER20,-1,-1;INTPTLAT20 "INTPTLAT20" true true false 11 Text 0 0,First,#,zip_code_tabulation_areas,INTPTLAT20,0,11;INTPTLON20 "INTPTLON20" true true false 12 Text 0 0,First,#,zip_code_tabulation_areas,INTPTLON20,0,12;Shape_Length "Shape_Length" false true true 8 Double 0 0,First,#,zip_code_tabulation_areas,Shape_Length,-1,-1;Shape_Area "Shape_Area" false true true 8 Double 0 0,First,#,zip_code_tabulation_areas,Shape_Area,-1,-1" #</Process></lineage></DataProperties><SyncDate>20221220</SyncDate><SyncTime>15594300</SyncTime><ModDate>20221220</ModDate><ModTime>15594300</ModTime></Esri><dataIdInfo><envirDesc Sync="TRUE">Microsoft Windows 10 Version 10.0 (Build 19044) ; Esri ArcGIS 12.8.0.29751</envirDesc><dataLang><languageCode value="eng" Sync="TRUE"></languageCode><countryCode value="USA" Sync="TRUE"></countryCode></dataLang><idCitation><resTitle Sync="TRUE">zip_code_tabulation_areas</resTitle><presForm><PresFormCd value="005" Sync="TRUE"></PresFormCd></presForm></idCitation><spatRpType><SpatRepTypCd value="001" Sync="TRUE"></SpatRepTypCd></spatRpType></dataIdInfo><mdLang><languageCode value="eng" Sync="TRUE"></languageCode><countryCode value="USA" Sync="TRUE"></countryCode></mdLang><distInfo><distFormat><formatName Sync="TRUE">Shapefile</formatName></distFormat><distTranOps><transSize Sync="TRUE">0.000</transSize></distTranOps></distInfo><mdHrLv><ScopeCd value="005" Sync="TRUE"></ScopeCd></mdHrLv><mdHrLvName Sync="TRUE">dataset</mdHrLvName><refSysInfo><RefSystem><refSysID><identCode code="4269" Sync="TRUE"></identCode><idCodeSpace Sync="TRUE">EPSG</idCodeSpace><idVersion Sync="TRUE">6.5(3.0.1)</idVersion></refSysID></RefSystem></refSysInfo><spatRepInfo><VectSpatRep><geometObjs Name="zip_code_tabulation_areas"><geoObjTyp><GeoObjTypCd value="002" Sync="TRUE"></GeoObjTypCd></geoObjTyp><geoObjCnt Sync="TRUE">0</geoObjCnt></geometObjs><topLvl><TopoLevCd value="001" Sync="TRUE"></TopoLevCd></topLvl></VectSpatRep></spatRepInfo><spdoinfo><ptvctinf><esriterm Name="zip_code_tabulation_areas"><efeatyp Sync="TRUE">Simple</efeatyp><efeageom code="4" Sync="TRUE"></efeageom><esritopo Sync="TRUE">FALSE</esritopo><efeacnt Sync="TRUE">0</efeacnt><spindex Sync="TRUE">FALSE</spindex><linrefer Sync="TRUE">FALSE</linrefer></esriterm></ptvctinf></spdoinfo><eainfo><detailed Name="zip_code_tabulation_areas"><enttyp><enttypl Sync="TRUE">zip_code_tabulation_areas</enttypl><enttypt Sync="TRUE">Feature Class</enttypt><enttypc Sync="TRUE">0</enttypc></enttyp><attr><attrlabl Sync="TRUE">FID</attrlabl><attalias Sync="TRUE">FID</attalias><attrtype Sync="TRUE">OID</attrtype><attwidth Sync="TRUE">4</attwidth><atprecis Sync="TRUE">0</atprecis><attscale Sync="TRUE">0</attscale><attrdef Sync="TRUE">Internal feature number.</attrdef><attrdefs Sync="TRUE">Esri</attrdefs><attrdomv><udom Sync="TRUE">Sequential unique whole numbers that are automatically generated.</udom></attrdomv></attr><attr><attrlabl Sync="TRUE">Shape</attrlabl><attalias Sync="TRUE">Shape</attalias><attrtype Sync="TRUE">Geometry</attrtype><attwidth Sync="TRUE">0</attwidth><atprecis Sync="TRUE">0</atprecis><attscale Sync="TRUE">0</attscale><attrdef Sync="TRUE">Feature geometry.</attrdef><attrdefs Sync="TRUE">Esri</attrdefs><attrdomv><udom Sync="TRUE">Coordinates defining the features.</udom></attrdomv></attr><attr><attrlabl Sync="TRUE">ZCTA5CE20</attrlabl><attalias Sync="TRUE">ZCTA5CE20</attalias><attrtype Sync="TRUE">String</attrtype><attwidth Sync="TRUE">5</attwidth><atprecis Sync="TRUE">0</atprecis><attscale Sync="TRUE">0</attscale></attr><attr><attrlabl Sync="TRUE">GEOID20</attrlabl><attalias Sync="TRUE">GEOID20</attalias><attrtype Sync="TRUE">String</attrtype><attwidth Sync="TRUE">5</attwidth><atprecis Sync="TRUE">0</atprecis><attscale Sync="TRUE">0</attscale></attr><attr><attrlabl Sync="TRUE">CLASSFP20</attrlabl><attalias Sync="TRUE">CLASSFP20</attalias><attrtype Sync="TRUE">String</attrtype><attwidth Sync="TRUE">2</attwidth><atprecis Sync="TRUE">0</atprecis><attscale Sync="TRUE">0</attscale></attr><attr><attrlabl Sync="TRUE">MTFCC20</attrlabl><attalias Sync="TRUE">MTFCC20</attalias><attrtype Sync="TRUE">String</attrtype><attwidth Sync="TRUE">5</attwidth><atprecis Sync="TRUE">0</atprecis><attscale Sync="TRUE">0</attscale></attr><attr><attrlabl Sync="TRUE">FUNCSTAT20</attrlabl><attalias Sync="TRUE">FUNCSTAT20</attalias><attrtype Sync="TRUE">String</attrtype><attwidth Sync="TRUE">1</attwidth><atprecis Sync="TRUE">0</atprecis><attscale Sync="TRUE">0</attscale></attr><attr><attrlabl Sync="TRUE">ALAND20</attrlabl><attalias Sync="TRUE">ALAND20</attalias><attrtype Sync="TRUE">Double</attrtype><attwidth Sync="TRUE">19</attwidth><atprecis Sync="TRUE">0</atprecis><attscale Sync="TRUE">0</attscale></attr><attr><attrlabl Sync="TRUE">AWATER20</attrlabl><attalias Sync="TRUE">AWATER20</attalias><attrtype Sync="TRUE">Double</attrtype><attwidth Sync="TRUE">19</attwidth><atprecis Sync="TRUE">0</atprecis><attscale Sync="TRUE">0</attscale></attr><attr><attrlabl Sync="TRUE">INTPTLAT20</attrlabl><attalias Sync="TRUE">INTPTLAT20</attalias><attrtype Sync="TRUE">String</attrtype><attwidth Sync="TRUE">11</attwidth><atprecis Sync="TRUE">0</atprecis><attscale Sync="TRUE">0</attscale></attr><attr><attrlabl Sync="TRUE">INTPTLON20</attrlabl><attalias Sync="TRUE">INTPTLON20</attalias><attrtype Sync="TRUE">String</attrtype><attwidth Sync="TRUE">12</attwidth><atprecis Sync="TRUE">0</atprecis><attscale Sync="TRUE">0</attscale></attr><attr><attrlabl Sync="TRUE">Shape_Leng</attrlabl><attalias Sync="TRUE">Shape_Leng</attalias><attrtype Sync="TRUE">Double</attrtype><attwidth Sync="TRUE">19</attwidth><atprecis Sync="TRUE">0</atprecis><attscale Sync="TRUE">0</attscale></attr><attr><attrlabl Sync="TRUE">Shape_Area</attrlabl><attalias Sync="TRUE">Shape_Area</attalias><attrtype Sync="TRUE">Double</attrtype><attwidth Sync="TRUE">19</attwidth><atprecis Sync="TRUE">0</atprecis><attscale Sync="TRUE">0</attscale><attrdef Sync="TRUE">Area of feature in internal units squared.</attrdef><attrdefs Sync="TRUE">Esri</attrdefs><attrdomv><udom Sync="TRUE">Positive real numbers that are automatically generated.</udom></attrdomv></attr></detailed></eainfo><mdDateSt Sync="TRUE">20221220</mdDateSt></metadata>
