<?xml version="1.0"?><metadata><idinfo><citation><citeinfo><origin>U.S. Department of Commerce, U.S. Census Bureau, Geography Division</origin><pubinfo><publish>U.S. Census Bureau</publish></pubinfo><pubdate>2022</pubdate><title>ZIP Code Tabulation Areas, 5-digit (ZCTA5), Minnesota, 2020</title><onlink>https://gisdata.mn.gov/dataset/bdry-zip-code-tabulation-areas</onlink></citeinfo></citation><descript><abstract>ZIP Code Tabulation Areas (ZCTAs) are approximate area representations of U.S. Postal Service (USPS) ZIP Code service areas that the Census Bureau creates to present statistical data for each decennial census. The Census Bureau uses tabulation blocks as the basis for defining each ZCTA. Tabulation blocks are assigned to a ZCTA based on the most frequently occurring ZIP Code for the addresses contained within that block. The most frequently occurring ZIP Code also becomes the five-digit numeric code of the ZCTA. Blocks that do not contain addresses but are surrounded by a single ZCTA (enclaves) are assigned to the surrounding ZCTA. Because the Census Bureau only uses the most frequently occurring ZIP Code to assign blocks, a ZCTA may not exist for every USPS ZIP Code. Some ZIP Codes may not have a matching ZCTA because too few addresses were associated with the specific ZIP Code or the ZIP Code was not the most frequently occurring ZIP Code within any of the blocks where it exists.

Users are encouraged to refer to the U.S. Census website for more information on ZCTAs:  https://www.census.gov/programs-surveys/geography/guidance/geo-areas/zctas.html 
and to the U.S. Postal Service for more information on ZIP Codes:  https://faq.usps.com/</abstract><purpose>To meet the demand for releasing data at the ZIP Code level, the Census Bureau developed the concept of ZIP Code tabulation areas (ZCTAs). ZCTAs are areal representations of ZIP Codes made up of groupings of census blocks, the smallest level of geography for which the Census Bureau releases statistical data.

ZCTAs get around the problem that ZIP Codes do not have distinct geographic boundaries. Designed by the U.S. Postal Service for use in mail delivery, ZIP Codes represent carrier routes made up of individual addresses. A true representation of ZIP Codes would separate out individual housing units and releasing data for them would risk disclosing personally identifiable information. Data users should not use ZCTAs to identify the official USPS ZIP Code for mail delivery. The USPS makes periodic changes to ZIP Codes to support more efficient mail delivery.</purpose><supplinf>Minnesota</supplinf></descript><timeperd><timeinfo><sngdate><caldate>2020</caldate></sngdate></timeinfo><current>The Census Bureau delineates ZCTA boundaries once each decade following the decennial census. This dataset was delineated after the 2020 census.</current></timeperd><status><progress>Complete</progress><update>No changes or updates will be made to this version of the ZCTA or the TIGER/Line Shapefiles. The Census Bureau delineates ZCTA boundaries once each decade following the decennial census.</update></status><keywords><theme><themekey>boundaries, location, ZIP Code Tabulation Area, ZCTA, Zip Code</themekey><themekt>ISO 19115 Topic Category</themekt></theme><place><placekey>Minnesota, MN</placekey></place></keywords><accconst>None</accconst><spdom><bounding><westbc>-97.23</westbc><eastbc>-89.53</eastbc><northbc>49.37</northbc><southbc>43.5</southbc></bounding></spdom><crossref><citeinfo><title>For nationwide ZCTAs and for related ZCTA products, see: https://www.census.gov/programs-surveys/geography/guidance/geo-areas/zctas.html</title></citeinfo></crossref><useconst>The TIGER/Line Shapefile products are not copyrighted however TIGER/Line and Census TIGER are registered trademarks of the U.S. Census Bureau. These products are free to use in a product or publication, however acknowledgement must be given to the U.S. Census Bureau as the source. The boundary information in the TIGER/Line Shapefiles are for statistical data collection and tabulation purposes only; their depiction and designation for statistical purposes does not constitute a determination of jurisdictional authority or rights of ownership or entitlement and they are not legal land descriptions. Coordinates in the TIGER/Line shapefiles have six implied decimal places, but the positional accuracy of these coordinates is not as great as the six decimal places suggest. </useconst><ptcontac><cntinfo><cntperp><cntorg>U.S. Department of Commerce, U.S. Census Bureau, Geography Division, Geographic Products Branch</cntorg><cntper>Census Geography Staff</cntper></cntperp><cntaddr><addrtype>Mailing and Physical</addrtype><address>4600 Silver Hill Road, Stop 7400</address><city>Washington</city><state>DC</state><postal>20233-7400</postal></cntaddr><cntvoice>(301) 763-1128</cntvoice><cntemail>geo.geography@census.gov</cntemail></cntinfo></ptcontac></idinfo><eainfo><detailed><enttyp><enttypl>zip_code_tabulation_areas</enttypl><enttypd>2020 Census 5-digit ZIP Code Tabulation Area (ZCTA5)</enttypd><enttypds>U.S. Census Bureau</enttypds></enttyp><attr><attrlabl>ZCTA5CE20</attrlabl><attrdef>2020 Census 5-digit ZIP Code Tabulation Area code</attrdef><attrdefs>U.S. Census Bureau</attrdefs><attrdomv><rdom><rdommin>00401</rdommin><rdommax>99950</rdommax></rdom></attrdomv></attr><attr><attrlabl>GEOID20</attrlabl><attrdef>2020 Census 5-digit ZIP Code Tabulation Area identifier, 2020 Census 5-digit ZIP Code Tabulation Area code</attrdef><attrdefs>U.S. Census Bureau</attrdefs><attrdomv><udom>2020 Census 5-digit ZIP Code Tabulation Area code found in ZCTA5CE10</udom></attrdomv></attr><attr><attrlabl>CLASSFP20</attrlabl><attrdef>2020 Census Federal Information Processing Series (FIPS) class code</attrdef><attrdefs>U.S. Census Bureau</attrdefs><attrdomv><edom><edomv>B5</edomv><edomvd>Five-digit ZCTA</edomvd><edomvds>U.S. Census Bureau</edomvds></edom></attrdomv></attr><attr><attrlabl>MTFCC20</attrlabl><attrdef>MAF/TIGER feature class code</attrdef><attrdefs>U.S. Census Bureau</attrdefs><attrdomv><edom><edomvd>ZIP Code Tabulation Area (5-digit)</edomvd><edomvds>U.S. Census Bureau</edomvds></edom></attrdomv></attr><attr><attrlabl>FUNCSTAT20</attrlabl><attrdef>2020 Census functional status</attrdef><attrdefs>U.S. Census Bureau</attrdefs><attrdomv><edom><edomv>S</edomv><edomvd>Statistical Entity</edomvd><edomvds>U.S. Census Bureau</edomvds></edom></attrdomv></attr><attr><attrlabl>ALAND20</attrlabl><attrdef>2020 Census land area (square meters)</attrdef><attrdefs>U.S. Census Bureau</attrdefs><attrdomv><rdom><rdommin>0</rdommin><rdommax>9999999999999</rdommax></rdom></attrdomv></attr><attr><attrlabl>AWATER20</attrlabl><attrdef>2020 Census water area (square meters)</attrdef><attrdefs>U.S. Census Bureau</attrdefs><attrdomv><rdom><rdommin>0</rdommin><rdommax>9999999999999</rdommax></rdom></attrdomv></attr><attr><attrlabl>INTPTLAT20</attrlabl><attrdef>2020 Census latitude of the internal point</attrdef><attrdefs>U.S. Census Bureau</attrdefs><attrdomv><rdom><rdommin>-90.000000</rdommin><rdommax>90.000000</rdommax></rdom></attrdomv></attr><attr><attrlabl>INTPTLON20</attrlabl><attrdef>2020 Census longitude of the internal point</attrdef><attrdefs>U.S. Census Bureau</attrdefs><attrdomv><rdom><rdommin>-180.000000</rdommin><rdommax>180.000000</rdommax></rdom></attrdomv></attr></detailed><overview><eaover>The ZCTA codes may contain leading zeros.</eaover></overview></eainfo><dataqual><logic>The Census Bureau performed automated tests to ensure logical consistency and limits of shapefiles. Segments making up the outer and inner boundaries of a polygon tie end-to-end to completely enclose the area. All polygons are tested for closure. The Census Bureau uses its internally developed geographic update system to enhance and modify spatial and attribute data in the Census MAF/TIGER database. Standard geographic codes, such as FIPS codes for states, counties, municipalities, county subdivisions, places, American Indian/Alaska Native/Native Hawaiian areas, and congressional districts are used when encoding spatial entities. The Census Bureau performed spatial data tests for logical consistency of the codes during the compilation of the original Census MAF/TIGER database files. Most of the codes for geographic entities except states, counties, urban areas, Core Based Statistical Areas (CBSAs), American Indian Areas (AIAs), and congressional districts were provided to the Census Bureau by the USGS, the agency responsible for maintaining the Geographic Names Information System (GNIS). Feature attribute information has been examined but has not been fully tested for consistency. For the TIGER/Line Shapefiles, the Point and Vector Object Count for the G-polygon SDTS Point and Vector Object Type reflects the number of records in the shapefile attribute table. For multi-polygon features, only one attribute record exists for each multi-polygon rather than one attribute record per individual G-polygon component of the multi-polygon feature. TIGER/Line Shapefile multi-polygons are an exception to the G-polygon object type classification. Therefore, when multi-polygons exist in a shapefile, the object count will be less than the actual number of G-polygons.</logic><complete>The relationships that exist between ZCTAs and ZIP Codes can be complicated. ZCTAs follow census block boundaries, while ZIP Codes represent carrier routes with no correlation to census blocks. Therefore, several ZIP Codes may exist within the boundaries of a single ZCTA; likewise, more than one ZCTA may exist within the boundaries of a single ZIP Code.

There is not a corresponding ZCTA for every U.S. Postal Service ZIP Code. The Census Bureau used the most frequently occurring ZIP Code for the addresses in each census block to assign the ZCTA code. Some ZIP Codes represent very few addresses. If a ZIP Code was never the most frequently occurring ZIP Code in an area during the ZCTA delineation process, the ZIP Code will not appear in the ZCTA universe.

Large water bodies and unpopulated land areas, such as parks and forestlands, were excluded from the 2020 delineations.  

The 2020 ZCTA delineation process includes both residential and commercial addresses.

Discontiguous parts of ZCTAs may represent offshore islands. In other situations, they may result from using census blocks to build ZCTAs. U.S. Postal Service carrier routes tend to extend out along the local street network. Addresses along a street may have one ZIP Code while addresses along the cross streets have another. If a block is characterized by addresses with the ZIP Code of the cross streets it may isolate another block characterized by addresses of the first ZIP Code, and it becomes a discontiguous area. Joining the fragments by changing the ZCTA code for intermediate blocks could degrade the match between ZIP Code and ZCTA. Rather than degrade this match, the ZCTA coverage retains some discontiguous fragments.

</complete><lineage><procstep><procdesc>Processing Steps (U.S. Census)

To create ZCTAs, the Census uses their Master Address File to determine the ZIP Codes of the addresses in each census block. They then assign blocks to ZCTAs based on the most prevalent ZIP Code in the block. The most frequently occurring ZIP Code also becomes the five-digit numeric code of the ZCTA. Blocks that do not contain addresses but are surrounded by a single ZCTA (enclaves) are assigned to the surrounding ZCTA.

The TIGER/Line shapefiles and related database files (.dbf) are an extract of selected geographic and cartographic information from the U.S. Census Bureau's Master Address File / Topologically Integrated Geographic Encoding and Referencing (MAF/TIGER) Database (MTDB). The MTDB represents a seamless national file with no overlaps or gaps between parts (see Completeness field for exceptions to this for ZCTAs), however, each TIGER/Line shapefile is designed to stand alone as an independent data set, or they can be combined to cover the entire nation. 

TIGER/Line Shapefiles are extracted from the Census MAF/TIGER database by nation, state, county, and entity. Census MAF/TIGER data for all of the aforementioned geographic entities are then distributed among the shapefiles each containing attributes for line, polygon, or landmark geographic data.

Processing Steps (MnGeo)

The national Zip Code Tabulation Area dataset was acquired from the US Census Bureau's TIGER Products in shapefile format.

The ZCTAs were then extracted using the relationship files offered by the Census as a reference to determine which zip codes were within the boundary of Minnesota. The SQL statement used to do so is the following: "ZCTA5CE20" LIKE '55%' OR "ZCTA5CE20" LIKE '56%' OR "ZCTA5CE20" = '51360' OR "ZCTA5CE20" = '57026' OR "ZCTA5CE20" = '57030' OR "ZCTA5CE20" = '57068' OR "ZCTA5CE20" = '58030' OR "ZCTA5CE20" = '58225'. The 2020 relationship file used can be found here: https://www2.census.gov/geo/docs/maps-data/data/rel2020/zcta520/tab20_zcta520_county20_natl.txt

 MnGeo staff reprojected the data from GCS NAD83 to UTM Zone 15 coordinates and converted the file to file geodatabase format. 

This metadata record was compiled by MnGeo using information supplied by the U.S. Census Bureau.
</procdesc></procstep></lineage><attracc><attraccr>The Census MAF/TIGER database attributes are accurate against National Standard Codes, Federal Information Processing (FIPS) and the Geographic Names Information System (GNIS) at the 100% level for the codes and base names. The remaining attribute information has been examined but has not been fully tested for accuracy.</attraccr></attracc><posacc><horizpa><horizpar>Coordinates in the TIGER/Line shapefiles have six implied decimal places, but the positional accuracy of these coordinates is not as great as the six decimal places suggest.</horizpar></horizpa><vertacc><vertaccr>N/A</vertaccr></vertacc></posacc></dataqual><metainfo><metd>20220622</metd><metstdn>Minnesota Geographic Metadata Guidelines</metstdn><metstdv>1.2</metstdv><metextns><onlink>https://www.mngeo.state.mn.us/committee/standards/mgmg/metadata.htm</onlink></metextns><metc><cntinfo><cntperp><cntorg>Minnesota Geospatial Information Office (MnGeo)</cntorg><cntper>Nancy Rader</cntper></cntperp><cntpos>GIS Data Coordinator</cntpos><cntaddr><addrtype>mailing and physical</addrtype><address>658 Cedar Street, Room 300</address><city>St. Paul</city><state>MN</state><postal>55155</postal></cntaddr><cntvoice>(651) 201-2489</cntvoice><cntemail>gisinfo.mngeo@state.mn.us</cntemail></cntinfo></metc></metainfo><distinfo><distliab>1. U.S. Census Bureau: 
No warranty, expressed or implied is made with regard to the accuracy of these data, and no liability is assumed by the U.S. Government in general or the U.S. Census Bureau in specific as to the spatial or attribute accuracy of the data. The act of distribution shall not constitute any such warranty and no responsibility is assumed by the U.S. government in the use of these files. The boundary information in the TIGER/Line Shapefiles is for statistical data collection and tabulation purposes only; their depiction and designation for statistical purposes do not constitute a determination of jurisdictional authority or rights of ownership or entitlement and they are not legal land descriptions.

2. MnGeo's data disclaimer is online: https://www.mngeo.state.mn.us/chouse/disclaimer.html</distliab><stdorder><ordering>1. Minnesota ZCTAs:  See the download page on the Minnesota Geospatial Commons website using the "I AGREE" link below in the Online Linkage section.

2. Nationwide ZCTAs:  
To download the nationwide ZCTA dataset, see:  https://www.census.gov/programs-surveys/geography/guidance/geo-areas/zctas.html
To obtain more information about TIGER/Line Shapefiles, see:
https://www.census.gov/geographies/mapping-files/time-series/geo/tiger-line-file.html</ordering></stdorder><resdesc>Minnesota 2020 ZIP Code Tabulation Areas</resdesc><distrib><cntinfo><cntperp><cntorg>Minnesota Geospatial Information Office (MnGeo)</cntorg><cntper>Nancy Rader</cntper></cntperp><cntpos>GIS Data Coordinator</cntpos><cntaddr><addrtype>mailing and physical</addrtype><address>658 Cedar Street, Room 300</address><city>St. Paul</city><state>MN</state><postal>55155</postal></cntaddr><cntvoice>(651) 201-2489</cntvoice><cntemail>gisinfo.mngeo@state.mn.us</cntemail></cntinfo></distrib></distinfo><spref><horizsys><planar><gridsys><gridsysn>Universal Transverse Mercator</gridsysn><utm><utmzone>15</utmzone></utm></gridsys><planci><plandu>meters</plandu></planci></planar><geodetic><horizdn>NAD83</horizdn><ellips>GRS80</ellips></geodetic></horizsys></spref></metadata>